{
    "EG/OriginalMovie": [[186.831624, 276.766619], [4246.526499, 9999]],
    "/multitrack/dist/index.html": [[186.831624, 276.766619], [4246.526499, 9999]]
}
